Cyprianic Plague model,Size of Christian subpopulation (individuals),Total Christians (compared to total population; percent),Size of Chistian subpopulation without conversion (individuals),Total Christians without conversion (compared to total population; percent),Christian subpopulation ratio increase (compared to modeled baseline without conversion; percent points),Christian subpopulation increase (compared to modeled baseline without conversion; percent)
Smallpox,34756,22.708685916836867,34756,22.708686567972755,-6.511358883187768e-07,2.7071583419413514e-06
Measles,55200,2.636822265608659,55202,2.63690119189816,-7.892628950090241e-05,-0.0031101442816927616
Crimean–Congo hemorrhagic fever,56889,1.5336732376416955,56889,1.53367326686751,-2.9225814435207553e-08,6.102005456476434e-07
Ebola virus disease,34663,5.432681271697326,34671,5.428316809890984,0.004364461806341424,-0.023222833931613174
Lassa fever,58193,1.4344265997499597,58193,1.4344266267025698,-2.6952610143737843e-08,5.978170625198231e-07
